Workbook

Sheet Instructions
A1: LockIn GPA Calculator
A3: 1. Enter finished or current classes in the Classes sheet.
A4: 2. Use numeric grades if you know them. Letter grades and GPA points fill in automatically.
A5: 3. Choose Standard, Honors, AP, or DE in the Level column.
A6: 4. Use the Scenario sheet to test future semesters without changing your real classes.
A7: 5. Import this workbook into Google Sheets if you want cloud access.
A10: Weighting used in this workbook
A11: Standard = +0.0
A12: Honors = +0.5
A13: AP = +1.0
A14: DE = +1.0

Sheet Classes
A1: Course | B1: Term | C1: Level | D1: Credits | E1: Numeric Grade | F1: Letter Grade | G1: Base Pts | H1: Weight Bonus | I1: Weighted Pts | J1: Unweighted QP | K1: Weighted QP
D2: 1 | F2: =IF(E2="","",LOOKUP(E2,GradeScale!$A$2:$A$14,GradeScale!$B$2:$B$14)) | G2: =IF(E2="","",LOOKUP(E2,GradeScale!$A$2:$A$14,GradeScale!$C$2:$C$14)) | H2: =IF(C2="","",IF(C2="Honors",0.5,IF(OR(C2="AP",C2="DE"),1,0))) | I2: =IF(G2="","",G2+H2) | J2: =IF(OR(G2="",D2=""),"",G2*D2) | K2: =IF(OR(I2="",D2=""),"",I2*D2)
D3: 1 | F3: =IF(E3="","",LOOKUP(E3,GradeScale!$A$2:$A$14,GradeScale!$B$2:$B$14)) | G3: =IF(E3="","",LOOKUP(E3,GradeScale!$A$2:$A$14,GradeScale!$C$2:$C$14)) | H3: =IF(C3="","",IF(C3="Honors",0.5,IF(OR(C3="AP",C3="DE"),1,0))) | I3: =IF(G3="","",G3+H3) | J3: =IF(OR(G3="",D3=""),"",G3*D3) | K3: =IF(OR(I3="",D3=""),"",I3*D3)
D4: 1 | F4: =IF(E4="","",LOOKUP(E4,GradeScale!$A$2:$A$14,GradeScale!$B$2:$B$14)) | G4: =IF(E4="","",LOOKUP(E4,GradeScale!$A$2:$A$14,GradeScale!$C$2:$C$14)) | H4: =IF(C4="","",IF(C4="Honors",0.5,IF(OR(C4="AP",C4="DE"),1,0))) | I4: =IF(G4="","",G4+H4) | J4: =IF(OR(G4="",D4=""),"",G4*D4) | K4: =IF(OR(I4="",D4=""),"",I4*D4)
D5: 1 | F5: =IF(E5="","",LOOKUP(E5,GradeScale!$A$2:$A$14,GradeScale!$B$2:$B$14)) | G5: =IF(E5="","",LOOKUP(E5,GradeScale!$A$2:$A$14,GradeScale!$C$2:$C$14)) | H5: =IF(C5="","",IF(C5="Honors",0.5,IF(OR(C5="AP",C5="DE"),1,0))) | I5: =IF(G5="","",G5+H5) | J5: =IF(OR(G5="",D5=""),"",G5*D5) | K5: =IF(OR(I5="",D5=""),"",I5*D5)
D6: 1 | F6: =IF(E6="","",LOOKUP(E6,GradeScale!$A$2:$A$14,GradeScale!$B$2:$B$14)) | G6: =IF(E6="","",LOOKUP(E6,GradeScale!$A$2:$A$14,GradeScale!$C$2:$C$14)) | H6: =IF(C6="","",IF(C6="Honors",0.5,IF(OR(C6="AP",C6="DE"),1,0))) | I6: =IF(G6="","",G6+H6) | J6: =IF(OR(G6="",D6=""),"",G6*D6) | K6: =IF(OR(I6="",D6=""),"",I6*D6)
D7: 1 | F7: =IF(E7="","",LOOKUP(E7,GradeScale!$A$2:$A$14,GradeScale!$B$2:$B$14)) | G7: =IF(E7="","",LOOKUP(E7,GradeScale!$A$2:$A$14,GradeScale!$C$2:$C$14)) | H7: =IF(C7="","",IF(C7="Honors",0.5,IF(OR(C7="AP",C7="DE"),1,0))) | I7: =IF(G7="","",G7+H7) | J7: =IF(OR(G7="",D7=""),"",G7*D7) | K7: =IF(OR(I7="",D7=""),"",I7*D7)
D8: 1 | F8: =IF(E8="","",LOOKUP(E8,GradeScale!$A$2:$A$14,GradeScale!$B$2:$B$14)) | G8: =IF(E8="","",LOOKUP(E8,GradeScale!$A$2:$A$14,GradeScale!$C$2:$C$14)) | H8: =IF(C8="","",IF(C8="Honors",0.5,IF(OR(C8="AP",C8="DE"),1,0))) | I8: =IF(G8="","",G8+H8) | J8: =IF(OR(G8="",D8=""),"",G8*D8) | K8: =IF(OR(I8="",D8=""),"",I8*D8)
D9: 1 | F9: =IF(E9="","",LOOKUP(E9,GradeScale!$A$2:$A$14,GradeScale!$B$2:$B$14)) | G9: =IF(E9="","",LOOKUP(E9,GradeScale!$A$2:$A$14,GradeScale!$C$2:$C$14)) | H9: =IF(C9="","",IF(C9="Honors",0.5,IF(OR(C9="AP",C9="DE"),1,0))) | I9: =IF(G9="","",G9+H9) | J9: =IF(OR(G9="",D9=""),"",G9*D9) | K9: =IF(OR(I9="",D9=""),"",I9*D9)
D10: 1 | F10: =IF(E10="","",LOOKUP(E10,GradeScale!$A$2:$A$14,GradeScale!$B$2:$B$14)) | G10: =IF(E10="","",LOOKUP(E10,GradeScale!$A$2:$A$14,GradeScale!$C$2:$C$14)) | H10: =IF(C10="","",IF(C10="Honors",0.5,IF(OR(C10="AP",C10="DE"),1,0))) | I10: =IF(G10="","",G10+H10) | J10: =IF(OR(G10="",D10=""),"",G10*D10) | K10: =IF(OR(I10="",D10=""),"",I10*D10)
D11: 1 | F11: =IF(E11="","",LOOKUP(E11,GradeScale!$A$2:$A$14,GradeScale!$B$2:$B$14)) | G11: =IF(E11="","",LOOKUP(E11,GradeScale!$A$2:$A$14,GradeScale!$C$2:$C$14)) | H11: =IF(C11="","",IF(C11="Honors",0.5,IF(OR(C11="AP",C11="DE"),1,0))) | I11: =IF(G11="","",G11+H11) | J11: =IF(OR(G11="",D11=""),"",G11*D11) | K11: =IF(OR(I11="",D11=""),"",I11*D11)
D12: 1 | F12: =IF(E12="","",LOOKUP(E12,GradeScale!$A$2:$A$14,GradeScale!$B$2:$B$14)) | G12: =IF(E12="","",LOOKUP(E12,GradeScale!$A$2:$A$14,GradeScale!$C$2:$C$14)) | H12: =IF(C12="","",IF(C12="Honors",0.5,IF(OR(C12="AP",C12="DE"),1,0))) | I12: =IF(G12="","",G12+H12) | J12: =IF(OR(G12="",D12=""),"",G12*D12) | K12: =IF(OR(I12="",D12=""),"",I12*D12)
D13: 1 | F13: =IF(E13="","",LOOKUP(E13,GradeScale!$A$2:$A$14,GradeScale!$B$2:$B$14)) | G13: =IF(E13="","",LOOKUP(E13,GradeScale!$A$2:$A$14,GradeScale!$C$2:$C$14)) | H13: =IF(C13="","",IF(C13="Honors",0.5,IF(OR(C13="AP",C13="DE"),1,0))) | I13: =IF(G13="","",G13+H13) | J13: =IF(OR(G13="",D13=""),"",G13*D13) | K13: =IF(OR(I13="",D13=""),"",I13*D13)
... D31: 1 | F31: =IF(E31="","",LOOKUP(E31,GradeScale!$A$2:$A$14,GradeScale!$B$2:$B$14)) | G31: =IF(E31="","",LOOKUP(E31,GradeScale!$A$2:$A$14,GradeScale!$C$2:$C$14)) | H31: =IF(C31="","",IF(C31="Honors",0.5,IF(OR(C31="AP",C31="DE"),1,0))) | I31: =IF(G31="","",G31+H31) | J31: =IF(OR(G31="",D31=""),"",G31*D31) | K31: =IF(OR(I31="",D31=""),"",I31*D31)

Sheet Summary
A1: GPA Snapshot
A3: Current Classes | D3: Scenario Projection
A4: Total Credits | B4: =SUM(Classes!D2:D31) | D4: Added Credits | E4: =SUM(Scenario!D2:D31)
A5: Unweighted GPA | B5: =IFERROR(SUM(Classes!J2:J31)/B4,0) | D5: Projected Unweighted GPA | E5: =IFERROR((SUM(Classes!J2:J31)+SUM(Scenario!J2:J31))/(B4+E4),0)
A6: Weighted GPA | B6: =IFERROR(SUM(Classes!K2:K31)/B4,0) | D6: Projected Weighted GPA | E6: =IFERROR((SUM(Classes!K2:K31)+SUM(Scenario!K2:K31))/(B4+E4),0)
A7: Class Count | B7: =COUNTA(Classes!A2:A31) | D7: Planned Class Count | E7: =COUNTA(Scenario!A2:A31)
A10: Grade Breakdown
A11: A range | B11: B range | C11: C range | D11: D range | E11: F
A12: =COUNTIF(Classes!E2:E31,">=90") | B12: =COUNTIFS(Classes!E2:E31,">=80",Classes!E2:E31,"<90") | C12: =COUNTIFS(Classes!E2:E31,">=70",Classes!E2:E31,"<80") | D12: =COUNTIFS(Classes!E2:E31,">=60",Classes!E2:E31,"<70") | E12: =COUNTIF(Classes!E2:E31,"<60")

Sheet Scenario
A1: Course | B1: Term | C1: Level | D1: Credits | E1: Numeric Grade | F1: Letter Grade | G1: Base Pts | H1: Weight Bonus | I1: Weighted Pts | J1: Unweighted QP | K1: Weighted QP
D2: 1 | F2: =IF(E2="","",LOOKUP(E2,GradeScale!$A$2:$A$14,GradeScale!$B$2:$B$14)) | G2: =IF(E2="","",LOOKUP(E2,GradeScale!$A$2:$A$14,GradeScale!$C$2:$C$14)) | H2: =IF(C2="","",IF(C2="Honors",0.5,IF(OR(C2="AP",C2="DE"),1,0))) | I2: =IF(G2="","",G2+H2) | J2: =IF(OR(G2="",D2=""),"",G2*D2) | K2: =IF(OR(I2="",D2=""),"",I2*D2)
D3: 1 | F3: =IF(E3="","",LOOKUP(E3,GradeScale!$A$2:$A$14,GradeScale!$B$2:$B$14)) | G3: =IF(E3="","",LOOKUP(E3,GradeScale!$A$2:$A$14,GradeScale!$C$2:$C$14)) | H3: =IF(C3="","",IF(C3="Honors",0.5,IF(OR(C3="AP",C3="DE"),1,0))) | I3: =IF(G3="","",G3+H3) | J3: =IF(OR(G3="",D3=""),"",G3*D3) | K3: =IF(OR(I3="",D3=""),"",I3*D3)
D4: 1 | F4: =IF(E4="","",LOOKUP(E4,GradeScale!$A$2:$A$14,GradeScale!$B$2:$B$14)) | G4: =IF(E4="","",LOOKUP(E4,GradeScale!$A$2:$A$14,GradeScale!$C$2:$C$14)) | H4: =IF(C4="","",IF(C4="Honors",0.5,IF(OR(C4="AP",C4="DE"),1,0))) | I4: =IF(G4="","",G4+H4) | J4: =IF(OR(G4="",D4=""),"",G4*D4) | K4: =IF(OR(I4="",D4=""),"",I4*D4)
D5: 1 | F5: =IF(E5="","",LOOKUP(E5,GradeScale!$A$2:$A$14,GradeScale!$B$2:$B$14)) | G5: =IF(E5="","",LOOKUP(E5,GradeScale!$A$2:$A$14,GradeScale!$C$2:$C$14)) | H5: =IF(C5="","",IF(C5="Honors",0.5,IF(OR(C5="AP",C5="DE"),1,0))) | I5: =IF(G5="","",G5+H5) | J5: =IF(OR(G5="",D5=""),"",G5*D5) | K5: =IF(OR(I5="",D5=""),"",I5*D5)
D6: 1 | F6: =IF(E6="","",LOOKUP(E6,GradeScale!$A$2:$A$14,GradeScale!$B$2:$B$14)) | G6: =IF(E6="","",LOOKUP(E6,GradeScale!$A$2:$A$14,GradeScale!$C$2:$C$14)) | H6: =IF(C6="","",IF(C6="Honors",0.5,IF(OR(C6="AP",C6="DE"),1,0))) | I6: =IF(G6="","",G6+H6) | J6: =IF(OR(G6="",D6=""),"",G6*D6) | K6: =IF(OR(I6="",D6=""),"",I6*D6)
D7: 1 | F7: =IF(E7="","",LOOKUP(E7,GradeScale!$A$2:$A$14,GradeScale!$B$2:$B$14)) | G7: =IF(E7="","",LOOKUP(E7,GradeScale!$A$2:$A$14,GradeScale!$C$2:$C$14)) | H7: =IF(C7="","",IF(C7="Honors",0.5,IF(OR(C7="AP",C7="DE"),1,0))) | I7: =IF(G7="","",G7+H7) | J7: =IF(OR(G7="",D7=""),"",G7*D7) | K7: =IF(OR(I7="",D7=""),"",I7*D7)
D8: 1 | F8: =IF(E8="","",LOOKUP(E8,GradeScale!$A$2:$A$14,GradeScale!$B$2:$B$14)) | G8: =IF(E8="","",LOOKUP(E8,GradeScale!$A$2:$A$14,GradeScale!$C$2:$C$14)) | H8: =IF(C8="","",IF(C8="Honors",0.5,IF(OR(C8="AP",C8="DE"),1,0))) | I8: =IF(G8="","",G8+H8) | J8: =IF(OR(G8="",D8=""),"",G8*D8) | K8: =IF(OR(I8="",D8=""),"",I8*D8)
D9: 1 | F9: =IF(E9="","",LOOKUP(E9,GradeScale!$A$2:$A$14,GradeScale!$B$2:$B$14)) | G9: =IF(E9="","",LOOKUP(E9,GradeScale!$A$2:$A$14,GradeScale!$C$2:$C$14)) | H9: =IF(C9="","",IF(C9="Honors",0.5,IF(OR(C9="AP",C9="DE"),1,0))) | I9: =IF(G9="","",G9+H9) | J9: =IF(OR(G9="",D9=""),"",G9*D9) | K9: =IF(OR(I9="",D9=""),"",I9*D9)
D10: 1 | F10: =IF(E10="","",LOOKUP(E10,GradeScale!$A$2:$A$14,GradeScale!$B$2:$B$14)) | G10: =IF(E10="","",LOOKUP(E10,GradeScale!$A$2:$A$14,GradeScale!$C$2:$C$14)) | H10: =IF(C10="","",IF(C10="Honors",0.5,IF(OR(C10="AP",C10="DE"),1,0))) | I10: =IF(G10="","",G10+H10) | J10: =IF(OR(G10="",D10=""),"",G10*D10) | K10: =IF(OR(I10="",D10=""),"",I10*D10)
D11: 1 | F11: =IF(E11="","",LOOKUP(E11,GradeScale!$A$2:$A$14,GradeScale!$B$2:$B$14)) | G11: =IF(E11="","",LOOKUP(E11,GradeScale!$A$2:$A$14,GradeScale!$C$2:$C$14)) | H11: =IF(C11="","",IF(C11="Honors",0.5,IF(OR(C11="AP",C11="DE"),1,0))) | I11: =IF(G11="","",G11+H11) | J11: =IF(OR(G11="",D11=""),"",G11*D11) | K11: =IF(OR(I11="",D11=""),"",I11*D11)
D12: 1 | F12: =IF(E12="","",LOOKUP(E12,GradeScale!$A$2:$A$14,GradeScale!$B$2:$B$14)) | G12: =IF(E12="","",LOOKUP(E12,GradeScale!$A$2:$A$14,GradeScale!$C$2:$C$14)) | H12: =IF(C12="","",IF(C12="Honors",0.5,IF(OR(C12="AP",C12="DE"),1,0))) | I12: =IF(G12="","",G12+H12) | J12: =IF(OR(G12="",D12=""),"",G12*D12) | K12: =IF(OR(I12="",D12=""),"",I12*D12)
D13: 1 | F13: =IF(E13="","",LOOKUP(E13,GradeScale!$A$2:$A$14,GradeScale!$B$2:$B$14)) | G13: =IF(E13="","",LOOKUP(E13,GradeScale!$A$2:$A$14,GradeScale!$C$2:$C$14)) | H13: =IF(C13="","",IF(C13="Honors",0.5,IF(OR(C13="AP",C13="DE"),1,0))) | I13: =IF(G13="","",G13+H13) | J13: =IF(OR(G13="",D13=""),"",G13*D13) | K13: =IF(OR(I13="",D13=""),"",I13*D13)
... D31: 1 | F31: =IF(E31="","",LOOKUP(E31,GradeScale!$A$2:$A$14,GradeScale!$B$2:$B$14)) | G31: =IF(E31="","",LOOKUP(E31,GradeScale!$A$2:$A$14,GradeScale!$C$2:$C$14)) | H31: =IF(C31="","",IF(C31="Honors",0.5,IF(OR(C31="AP",C31="DE"),1,0))) | I31: =IF(G31="","",G31+H31) | J31: =IF(OR(G31="",D31=""),"",G31*D31) | K31: =IF(OR(I31="",D31=""),"",I31*D31)

Sheet GradeScale
A1: Min % | B1: Letter | C1: Base Points
A2: 97 | B2: A+ | C2: 4.3
A3: 93 | B3: A | C3: 4
A4: 90 | B4: A- | C4: 3.7
A5: 87 | B5: B+ | C5: 3.3
A6: 83 | B6: B | C6: 3
A7: 80 | B7: B- | C7: 2.7
A8: 77 | B8: C+ | C8: 2.3
A9: 73 | B9: C | C9: 2
A10: 70 | B10: C- | C10: 1.7
A11: 67 | B11: D+ | C11: 1.3
A12: 63 | B12: D | C12: 1
A13: 60 | B13: D- | C13: 0.7
A14: 0 | B14: F | C14: 0
